review,sentiment
Disappointing stay. Wi-Fi was completely down and the area was surrounded by heavy construction noise.,Negative
We had a top-notch stay at this hotel. The bed was cozy with fresh linens and breakfast was generous and flavorful.,Positive
The hotel was subpar. The room was poorly maintained and the staff were slow and unhelpful.,Negative
Avoid this hotel if possible. Luggage service was non-existent and management did not care about our complaints.,Negative
A wonderful experience from check-in to check-out. The staff were professional and courteous and accommodating.,Positive
"Clean, spacious room with a panoramic park view. The concierge was professional and courteous.",Positive
Terrible customer service. Our room was stuffy with a foul odor and AC was broken.,Negative
excellent customer service throughout our trip. The pool area was The pool was heated and clean.,Positive
Truly an top-notch property. Will definitely return whenever we visit the city.,Positive
"Clean, spacious room with a picturesque mountain view. The concierge was cheerful and welcoming.",Positive
The room was cozy and quiet and spotlessly clean. Staff went out of their way to be professional and courteous.,Positive
The hotel was fantastic. The room was fresh and inviting and the staff were professional and courteous.,Positive
Dirty bathroom and very noisy room. The front desk was completely unprofessional and rude.,Negative
We had a top-notch stay at this hotel. The bed was super comfortable and breakfast was generous and flavorful.,Positive
The room smelled like smoke and the hallway was filthy with stained sheets. Horrible sleep quality.,Negative
"Clean, spacious room with a stunning city view. The concierge was cheerful and welcoming.",Positive
A wonderful experience from check-in to check-out. The staff were cheerful and welcoming and accommodating.,Positive
We had a amazing stay at this hotel. The bed was very comfortable and breakfast was generous and flavorful.,Positive
A wonderful experience from check-in to check-out. The staff were cheerful and welcoming and accommodating.,Positive
Truly an wonderful property. Will definitely return whenever we visit the city.,Positive
A wonderful experience from check-in to check-out. The staff were extremely friendly and accommodating.,Positive
The hotel was superb. The room was very spacious and the staff were incredibly helpful.,Positive
Dirty bathroom and very noisy room. The front desk was completely argumentative.,Negative
Disappointing stay. Elevator was out of order all weekend and the area was isolated and unsafe at night.,Negative
We had a poor experience. The bed was sagging in the middle and breakfast was tasteless and overpriced.,Negative
Terrible customer service. Our room was filthy with stained sheets and AC was broken.,Negative
Terrible customer service. Our room was stuffy with a foul odor and AC was broken.,Negative
The hotel was wonderful. The room was spotless and well-designed and the staff were professional and courteous.,Positive
We had a delightful stay at this hotel. The bed was super comfortable and breakfast was tasty and high quality.,Positive
delightful customer service throughout our trip. The pool area was The lobby was beautiful.,Positive
"Clean, spacious room with a stunning city view. The concierge was professional and courteous.",Positive
"Great value for money. spotless and well-designed rooms, exceptional dining, and close to all transit access to downtown.",Positive
Truly an fantastic property. Will definitely return whenever we visit the city.,Positive
Dirty bathroom and very noisy room. The front desk was completely incompetent.,Negative
We had a marvelous stay at this hotel. The bed was luxurious and soft and breakfast was delicious and fresh.,Positive
The hotel was dreadful. The room was poorly maintained and the staff were dismissive and indifferent.,Negative
Avoid this hotel if possible. Check-in took over an hour and management did not care about our complaints.,Negative
Would not recommend this place. Luggage service was non-existent and everything felt disappointing.,Negative
Very bad value for the high price. Rude receptionist and barely edible with no variety food.,Negative
Would not recommend this place. Check-in took over an hour and everything felt subpar.,Negative
The room was spotless and well-designed and spotlessly clean. Staff went out of their way to be extremely friendly.,Positive
The room was fresh and inviting and spotlessly clean. Staff went out of their way to be attentive and polite.,Positive
"Great value for money. spotless and well-designed rooms, exceptional dining, and central and convenient access to downtown.",Positive
Highly recommend this hotel. Quick check-in process and the amenities were superb.,Positive
The room was spotless and well-designed and spotlessly clean. Staff went out of their way to be warm and helpful.,Positive
The hotel was pleasant. The room was spotless and well-designed and the staff were professional and courteous.,Positive
The room was spotless and well-designed and spotlessly clean. Staff went out of their way to be professional and courteous.,Positive
Highly recommend this hotel. Quick check-in process and the amenities were outstanding.,Positive
superb customer service throughout our trip. The pool area was The rooftop lounge was gorgeous.,Positive
The hotel was unacceptable. The room was dark and rundown and the staff were slow and unhelpful.,Negative
The hotel was delightful. The room was very spacious and the staff were attentive and polite.,Positive
Highly recommend this hotel. Fast and responsive room service and the amenities were impeccable.,Positive
Disappointing stay. Water pressure in the shower was non-existent and the area was far from everything.,Negative
"Great value for money. modern and immaculate rooms, delicious and fresh dining, and perfect for exploring access to downtown.",Positive
Dirty bathroom and very noisy room. The front desk was completely dismissive and indifferent.,Negative
Very loud at night with paper-thin walls. The bed was hard like a rock and springs were poking through.,Negative
Highly recommend this hotel. Prompt attention to every detail and the amenities were excellent.,Positive
A wonderful experience from check-in to check-out. The staff were professional and courteous and accommodating.,Positive
"Clean, spacious room with a panoramic park view. The concierge was cheerful and welcoming.",Positive
Terrible customer service. Our room was dark and rundown and AC was broken.,Negative
Terrible customer service. Our room was dark and rundown and AC was broken.,Negative
superb customer service throughout our trip. The pool area was The rooftop lounge was gorgeous.,Positive
The hotel was wonderful. The room was clean and comfortable and the staff were professional and courteous.,Positive
Everything was excellent! The pool was heated and clean and the location was quiet yet accessible.,Positive
Everything was marvelous! The pool was heated and clean and the location was perfect for exploring.,Positive
Very bad value for the high price. Rude receptionist and greasy and unappetizing food.,Negative
The hotel was wonderful. The room was clean and comfortable and the staff were professional and courteous.,Positive
A wonderful experience from check-in to check-out. The staff were professional and courteous and accommodating.,Positive
Everything was marvelous! The rooftop lounge was gorgeous and the location was ideal for sightseeing.,Positive
Everything was top-notch! The fitness center was modern and the location was close to all transit.,Positive
The hotel was poor. The room was filthy with stained sheets and the staff were dismissive and indifferent.,Negative
We had a impeccable stay at this hotel. The bed was super comfortable and breakfast was delicious and fresh.,Positive
"Clean, spacious room with a peaceful ocean view. The concierge was extremely friendly.",Positive
"Clean, spacious room with a picturesque mountain view. The concierge was attentive and polite.",Positive
The room was very spacious and spotlessly clean. Staff went out of their way to be incredibly helpful.,Positive
Highly recommend this hotel. Flawless housekeeping and the amenities were outstanding.,Positive
Everything was wonderful! The rooftop lounge was gorgeous and the location was close to all transit.,Positive
The hotel was fantastic. The room was spotless and well-designed and the staff were warm and helpful.,Positive
Very bad value for the high price. Rude receptionist and cold and stale food.,Negative
A wonderful experience from check-in to check-out. The staff were professional and courteous and accommodating.,Positive
Terrible customer service. Our room was stuffy with a foul odor and AC was broken.,Negative
The hotel was top-notch. The room was fresh and inviting and the staff were incredibly helpful.,Positive
Truly an top-notch property. Will definitely return whenever we visit the city.,Positive
The hotel was amazing. The room was fresh and inviting and the staff were professional and courteous.,Positive
A wonderful experience from check-in to check-out. The staff were attentive and polite and accommodating.,Positive
Truly an delightful property. Will definitely return whenever we visit the city.,Positive
Dirty bathroom and very noisy room. The front desk was completely unprofessional and rude.,Negative
"Great value for money. spotless and well-designed rooms, generous and flavorful dining, and perfect for exploring access to downtown.",Positive
We had a top-notch stay at this hotel. The bed was super comfortable and breakfast was delicious and fresh.,Positive
The hotel was delightful. The room was modern and immaculate and the staff were extremely friendly.,Positive
"Great value for money. very spacious rooms, tasty and high quality dining, and quiet yet accessible access to downtown.",Positive
Disappointing stay. Water pressure in the shower was non-existent and the area was surrounded by heavy construction noise.,Negative
The room smelled like smoke and the hallway was poorly maintained. Horrible sleep quality.,Negative
We had a delightful stay at this hotel. The bed was cozy with fresh linens and breakfast was delicious and fresh.,Positive
"Great value for money. cozy and quiet rooms, generous and flavorful dining, and close to all transit access to downtown.",Positive
A wonderful experience from check-in to check-out. The staff were cheerful and welcoming and accommodating.,Positive
The room smelled like smoke and the hallway was dark and rundown. Horrible sleep quality.,Negative
Terrible customer service. Our room was dark and rundown and AC was broken.,Negative
Would not recommend this place. Luggage service was non-existent and everything felt horrible.,Negative
Avoid this hotel if possible. Luggage service was non-existent and management did not care about our complaints.,Negative
Would not recommend this place. Check-in took over an hour and everything felt awful.,Negative
Everything was superb! The pool was heated and clean and the location was central and convenient.,Positive
Very loud at night with paper-thin walls. The bed was lumpy and uncomfortable and springs were poking through.,Negative
The hotel was great. The room was clean and comfortable and the staff were warm and helpful.,Positive
Highly recommend this hotel. Prompt attention to every detail and the amenities were superb.,Positive
"Clean, spacious room with a panoramic park view. The concierge was attentive and polite.",Positive
Very loud at night with paper-thin walls. The bed was lumpy and uncomfortable and springs were poking through.,Negative
Truly an marvelous property. Will definitely return whenever we visit the city.,Positive
Dirty bathroom and very noisy room. The front desk was completely slow and unhelpful.,Negative
A wonderful experience from check-in to check-out. The staff were attentive and polite and accommodating.,Positive
"Great value for money. cozy and quiet rooms, delicious and fresh dining, and close to all transit access to downtown.",Positive
Very bad value for the high price. Rude receptionist and inedible food.,Negative
We had a overpriced experience. The bed was terrible to sleep on and breakfast was inedible.,Negative
The room was very spacious and spotlessly clean. Staff went out of their way to be attentive and polite.,Positive
outstanding customer service throughout our trip. The pool area was The pool was heated and clean.,Positive
The room was cozy and quiet and spotlessly clean. Staff went out of their way to be cheerful and welcoming.,Positive
Dirty bathroom and very noisy room. The front desk was completely argumentative.,Negative
Terrible customer service. Our room was dirty and cramped and AC was broken.,Negative
"Great value for money. very spacious rooms, delicious and fresh dining, and close to all transit access to downtown.",Positive
The hotel was dreadful. The room was dirty and cramped and the staff were unprofessional and rude.,Negative
The hotel was overpriced. The room was dirty and cramped and the staff were dismissive and indifferent.,Negative
Truly an delightful property. Will definitely return whenever we visit the city.,Positive
The hotel was awful. The room was filthy with stained sheets and the staff were incompetent.,Negative
Avoid this hotel if possible. Check-in took over an hour and management did not care about our complaints.,Negative
We had a impeccable stay at this hotel. The bed was luxurious and soft and breakfast was generous and flavorful.,Positive
The room was modern and immaculate and spotlessly clean. Staff went out of their way to be attentive and polite.,Positive
Disappointing stay. Water pressure in the shower was non-existent and the area was far from everything.,Negative
great customer service throughout our trip. The pool area was The fitness center was modern.,Positive
The hotel was top-notch. The room was cozy and quiet and the staff were incredibly helpful.,Positive
Very loud at night with paper-thin walls. The bed was lumpy and uncomfortable and springs were poking through.,Negative
We had a amazing stay at this hotel. The bed was cozy with fresh linens and breakfast was generous and flavorful.,Positive
"Great value for money. modern and immaculate rooms, exceptional dining, and close to all transit access to downtown.",Positive
We had a superb stay at this hotel. The bed was wonderfully plush and breakfast was exceptional.,Positive
We had a pleasant stay at this hotel. The bed was wonderfully plush and breakfast was exceptional.,Positive
The room was modern and immaculate and spotlessly clean. Staff went out of their way to be extremely friendly.,Positive
The hotel was wonderful. The room was modern and immaculate and the staff were professional and courteous.,Positive
We had a pleasant stay at this hotel. The bed was wonderfully plush and breakfast was exceptional.,Positive
Truly an delightful property. Will definitely return whenever we visit the city.,Positive
The hotel was impeccable. The room was very spacious and the staff were extremely friendly.,Positive
The room was clean and comfortable and spotlessly clean. Staff went out of their way to be professional and courteous.,Positive
Truly an outstanding property. Will definitely return whenever we visit the city.,Positive
A wonderful experience from check-in to check-out. The staff were cheerful and welcoming and accommodating.,Positive
We had a wonderful stay at this hotel. The bed was wonderfully plush and breakfast was exceptional.,Positive
"Clean, spacious room with a peaceful ocean view. The concierge was cheerful and welcoming.",Positive
The hotel was top-notch. The room was spotless and well-designed and the staff were attentive and polite.,Positive
outstanding customer service throughout our trip. The pool area was The fitness center was modern.,Positive
"Great value for money. modern and immaculate rooms, exceptional dining, and ideal for sightseeing access to downtown.",Positive
Everything was outstanding! The rooftop lounge was gorgeous and the location was close to all transit.,Positive
Disappointing stay. Water pressure in the shower was non-existent and the area was isolated and unsafe at night.,Negative
outstanding customer service throughout our trip. The pool area was The pool was heated and clean.,Positive
Highly recommend this hotel. Prompt attention to every detail and the amenities were impeccable.,Positive
The hotel was marvelous. The room was spotless and well-designed and the staff were attentive and polite.,Positive
Highly recommend this hotel. Flawless housekeeping and the amenities were marvelous.,Positive
We had a wonderful stay at this hotel. The bed was wonderfully plush and breakfast was delicious and fresh.,Positive
"Great value for money. fresh and inviting rooms, tasty and high quality dining, and perfect for exploring access to downtown.",Positive
We had a impeccable stay at this hotel. The bed was super comfortable and breakfast was tasty and high quality.,Positive
The hotel was amazing. The room was cozy and quiet and the staff were cheerful and welcoming.,Positive
Truly an marvelous property. Will definitely return whenever we visit the city.,Positive
"Clean, spacious room with a panoramic park view. The concierge was extremely friendly.",Positive
Highly recommend this hotel. Prompt attention to every detail and the amenities were top-notch.,Positive
Everything was impeccable! The rooftop lounge was gorgeous and the location was central and convenient.,Positive
Everything was top-notch! The pool was heated and clean and the location was perfect for exploring.,Positive
"Great value for money. clean and comfortable rooms, superb with lots of choices dining, and central and convenient access to downtown.",Positive
A wonderful experience from check-in to check-out. The staff were incredibly helpful and accommodating.,Positive
pleasant customer service throughout our trip. The pool area was The pool was heated and clean.,Positive
Truly an fantastic property. Will definitely return whenever we visit the city.,Positive
We had a dreadful experience. The bed was terrible to sleep on and breakfast was inedible.,Negative
"Great value for money. very spacious rooms, delicious and fresh dining, and quiet yet accessible access to downtown.",Positive
"Great value for money. fresh and inviting rooms, tasty and high quality dining, and quiet yet accessible access to downtown.",Positive
The hotel was great. The room was cozy and quiet and the staff were incredibly helpful.,Positive
Dirty bathroom and very noisy room. The front desk was completely dismissive and indifferent.,Negative
The hotel was impeccable. The room was modern and immaculate and the staff were professional and courteous.,Positive
Truly an great property. Will definitely return whenever we visit the city.,Positive
We had a excellent stay at this hotel. The bed was super comfortable and breakfast was superb with lots of choices.,Positive
Highly recommend this hotel. Fast and responsive room service and the amenities were wonderful.,Positive
The room smelled like smoke and the hallway was dark and rundown. Horrible sleep quality.,Negative
Very bad value for the high price. Rude receptionist and tasteless and overpriced food.,Negative
We had a top-notch stay at this hotel. The bed was luxurious and soft and breakfast was exceptional.,Positive
The hotel was excellent. The room was clean and comfortable and the staff were attentive and polite.,Positive
Everything was superb! The rooftop lounge was gorgeous and the location was ideal for sightseeing.,Positive
Very loud at night with paper-thin walls. The bed was broken and squeaky and springs were poking through.,Negative
We had a poor experience. The bed was lumpy and uncomfortable and breakfast was tasteless and overpriced.,Negative
Would not recommend this place. Housekeeping never cleaned our room and everything felt disappointing.,Negative
The room was cozy and quiet and spotlessly clean. Staff went out of their way to be extremely friendly.,Positive
Would not recommend this place. Luggage service was non-existent and everything felt disappointing.,Negative
The room smelled like smoke and the hallway was dark and rundown. Horrible sleep quality.,Negative
"Great value for money. clean and comfortable rooms, generous and flavorful dining, and close to all transit access to downtown.",Positive
"Great value for money. fresh and inviting rooms, superb with lots of choices dining, and central and convenient access to downtown.",Positive
"Great value for money. fresh and inviting rooms, generous and flavorful dining, and quiet yet accessible access to downtown.",Positive
marvelous customer service throughout our trip. The pool area was The rooftop lounge was gorgeous.,Positive
We had a pleasant stay at this hotel. The bed was luxurious and soft and breakfast was tasty and high quality.,Positive
We had a great stay at this hotel. The bed was cozy with fresh linens and breakfast was tasty and high quality.,Positive
A wonderful experience from check-in to check-out. The staff were professional and courteous and accommodating.,Positive
Avoid this hotel if possible. Luggage service was non-existent and management did not care about our complaints.,Negative
We had a fantastic stay at this hotel. The bed was super comfortable and breakfast was superb with lots of choices.,Positive
A wonderful experience from check-in to check-out. The staff were attentive and polite and accommodating.,Positive
Highly recommend this hotel. Flawless housekeeping and the amenities were impeccable.,Positive
Everything was pleasant! The pool was heated and clean and the location was close to all transit.,Positive
"Clean, spacious room with a stunning city view. The concierge was professional and courteous.",Positive
Avoid this hotel if possible. Check-in took over an hour and management did not care about our complaints.,Negative
A wonderful experience from check-in to check-out. The staff were warm and helpful and accommodating.,Positive
delightful customer service throughout our trip. The pool area was The pool was heated and clean.,Positive
delightful customer service throughout our trip. The pool area was The rooftop lounge was gorgeous.,Positive
We had a impeccable stay at this hotel. The bed was cozy with fresh linens and breakfast was superb with lots of choices.,Positive
We had a poor experience. The bed was lumpy and uncomfortable and breakfast was inedible.,Negative
The room was fresh and inviting and spotlessly clean. Staff went out of their way to be extremely friendly.,Positive
Highly recommend this hotel. Fast and responsive room service and the amenities were delightful.,Positive
We had a terrible experience. The bed was hard like a rock and breakfast was tasteless and overpriced.,Negative
The room was modern and immaculate and spotlessly clean. Staff went out of their way to be warm and helpful.,Positive
"Great value for money. fresh and inviting rooms, generous and flavorful dining, and ideal for sightseeing access to downtown.",Positive
We had a great stay at this hotel. The bed was cozy with fresh linens and breakfast was generous and flavorful.,Positive
We had a delightful stay at this hotel. The bed was cozy with fresh linens and breakfast was generous and flavorful.,Positive
"Clean, spacious room with a picturesque mountain view. The concierge was attentive and polite.",Positive
The hotel was pleasant. The room was very spacious and the staff were cheerful and welcoming.,Positive
The hotel was pleasant. The room was cozy and quiet and the staff were incredibly helpful.,Positive
"Great value for money. clean and comfortable rooms, superb with lots of choices dining, and quiet yet accessible access to downtown.",Positive
Avoid this hotel if possible. Housekeeping never cleaned our room and management did not care about our complaints.,Negative
Would not recommend this place. No one answered the front desk phone and everything felt disappointing.,Negative
We had a dreadful experience. The bed was lumpy and uncomfortable and breakfast was greasy and unappetizing.,Negative
"Great value for money. very spacious rooms, generous and flavorful dining, and perfect for exploring access to downtown.",Positive
"Clean, spacious room with a picturesque mountain view. The concierge was attentive and polite.",Positive
The hotel was excellent. The room was fresh and inviting and the staff were extremely friendly.,Positive
The hotel was unacceptable. The room was noisy and dated and the staff were dismissive and indifferent.,Negative
Very loud at night with paper-thin walls. The bed was terrible to sleep on and springs were poking through.,Negative
The hotel was wonderful. The room was very spacious and the staff were incredibly helpful.,Positive
"Great value for money. modern and immaculate rooms, superb with lots of choices dining, and perfect for exploring access to downtown.",Positive
"Great value for money. fresh and inviting rooms, exceptional dining, and close to all transit access to downtown.",Positive
Highly recommend this hotel. Prompt attention to every detail and the amenities were delightful.,Positive
A wonderful experience from check-in to check-out. The staff were extremely friendly and accommodating.,Positive
Everything was delightful! The lobby was beautiful and the location was quiet yet accessible.,Positive
Everything was top-notch! The fitness center was modern and the location was perfect for exploring.,Positive
Truly an fantastic property. Will definitely return whenever we visit the city.,Positive
We had a great stay at this hotel. The bed was super comfortable and breakfast was superb with lots of choices.,Positive
Truly an excellent property. Will definitely return whenever we visit the city.,Positive
Highly recommend this hotel. Fast and responsive room service and the amenities were wonderful.,Positive
Very loud at night with paper-thin walls. The bed was sagging in the middle and springs were poking through.,Negative
"Great value for money. clean and comfortable rooms, tasty and high quality dining, and quiet yet accessible access to downtown.",Positive
Very bad value for the high price. Rude receptionist and barely edible with no variety food.,Negative
The room smelled like smoke and the hallway was dirty and cramped. Horrible sleep quality.,Negative
Truly an delightful property. Will definitely return whenever we visit the city.,Positive
"Great value for money. modern and immaculate rooms, exceptional dining, and central and convenient access to downtown.",Positive
wonderful customer service throughout our trip. The pool area was The lobby was beautiful.,Positive
We had a disappointing experience. The bed was sagging in the middle and breakfast was barely edible with no variety.,Negative
"Clean, spacious room with a picturesque mountain view. The concierge was attentive and polite.",Positive
Highly recommend this hotel. Quick check-in process and the amenities were wonderful.,Positive
Highly recommend this hotel. Flawless housekeeping and the amenities were top-notch.,Positive
The hotel was overpriced. The room was poorly maintained and the staff were argumentative.,Negative
We had a wonderful stay at this hotel. The bed was cozy with fresh linens and breakfast was delicious and fresh.,Positive
Terrible customer service. Our room was stuffy with a foul odor and AC was broken.,Negative
Very bad value for the high price. Rude receptionist and cold and stale food.,Negative
great customer service throughout our trip. The pool area was The rooftop lounge was gorgeous.,Positive
Terrible customer service. Our room was dirty and cramped and AC was broken.,Negative
Would not recommend this place. Luggage service was non-existent and everything felt disappointing.,Negative
We had a excellent stay at this hotel. The bed was wonderfully plush and breakfast was exceptional.,Positive
wonderful customer service throughout our trip. The pool area was The pool was heated and clean.,Positive
Everything was outstanding! The lobby was beautiful and the location was close to all transit.,Positive
"Clean, spacious room with a breathtaking skyline view. The concierge was extremely friendly.",Positive
The room was very spacious and spotlessly clean. Staff went out of their way to be cheerful and welcoming.,Positive
Highly recommend this hotel. Flawless housekeeping and the amenities were outstanding.,Positive
Highly recommend this hotel. Fast and responsive room service and the amenities were great.,Positive
Everything was fantastic! The rooftop lounge was gorgeous and the location was perfect for exploring.,Positive
Everything was excellent! The pool was heated and clean and the location was central and convenient.,Positive
superb customer service throughout our trip. The pool area was The lobby was beautiful.,Positive
The hotel was impeccable. The room was clean and comfortable and the staff were professional and courteous.,Positive
Highly recommend this hotel. Prompt attention to every detail and the amenities were top-notch.,Positive
Avoid this hotel if possible. Luggage service was non-existent and management did not care about our complaints.,Negative
A wonderful experience from check-in to check-out. The staff were cheerful and welcoming and accommodating.,Positive
"Clean, spacious room with a peaceful ocean view. The concierge was professional and courteous.",Positive
amazing customer service throughout our trip. The pool area was The fitness center was modern.,Positive
Truly an wonderful property. Will definitely return whenever we visit the city.,Positive
outstanding customer service throughout our trip. The pool area was The rooftop lounge was gorgeous.,Positive
wonderful customer service throughout our trip. The pool area was The pool was heated and clean.,Positive
Highly recommend this hotel. Quick check-in process and the amenities were superb.,Positive
Truly an pleasant property. Will definitely return whenever we visit the city.,Positive
Terrible customer service. Our room was dark and rundown and AC was broken.,Negative
A wonderful experience from check-in to check-out. The staff were extremely friendly and accommodating.,Positive
"Great value for money. clean and comfortable rooms, superb with lots of choices dining, and central and convenient access to downtown.",Positive
Everything was marvelous! The lobby was beautiful and the location was ideal for sightseeing.,Positive
Would not recommend this place. Housekeeping never cleaned our room and everything felt awful.,Negative
The room smelled like smoke and the hallway was filthy with stained sheets. Horrible sleep quality.,Negative
"Great value for money. fresh and inviting rooms, superb with lots of choices dining, and close to all transit access to downtown.",Positive
Terrible customer service. Our room was dark and rundown and AC was broken.,Negative
Truly an top-notch property. Will definitely return whenever we visit the city.,Positive
"Clean, spacious room with a stunning city view. The concierge was incredibly helpful.",Positive
Highly recommend this hotel. Flawless housekeeping and the amenities were superb.,Positive
Highly recommend this hotel. Prompt attention to every detail and the amenities were wonderful.,Positive
Truly an superb property. Will definitely return whenever we visit the city.,Positive
"Great value for money. modern and immaculate rooms, delicious and fresh dining, and quiet yet accessible access to downtown.",Positive
The room was fresh and inviting and spotlessly clean. Staff went out of their way to be incredibly helpful.,Positive
The hotel was impeccable. The room was clean and comfortable and the staff were warm and helpful.,Positive
Truly an outstanding property. Will definitely return whenever we visit the city.,Positive
"Great value for money. clean and comfortable rooms, exceptional dining, and central and convenient access to downtown.",Positive
"Clean, spacious room with a stunning city view. The concierge was cheerful and welcoming.",Positive
outstanding customer service throughout our trip. The pool area was The lobby was beautiful.,Positive
pleasant customer service throughout our trip. The pool area was The rooftop lounge was gorgeous.,Positive
"Great value for money. fresh and inviting rooms, delicious and fresh dining, and central and convenient access to downtown.",Positive
The room was very spacious and spotlessly clean. Staff went out of their way to be attentive and polite.,Positive
"Clean, spacious room with a picturesque mountain view. The concierge was warm and helpful.",Positive
We had a superb stay at this hotel. The bed was luxurious and soft and breakfast was superb with lots of choices.,Positive
The room was modern and immaculate and spotlessly clean. Staff went out of their way to be professional and courteous.,Positive
top-notch customer service throughout our trip. The pool area was The lobby was beautiful.,Positive
Disappointing stay. Water pressure in the shower was non-existent and the area was isolated and unsafe at night.,Negative
We had a horrible experience. The bed was broken and squeaky and breakfast was barely edible with no variety.,Negative
The room was clean and comfortable and spotlessly clean. Staff went out of their way to be incredibly helpful.,Positive
The room smelled like smoke and the hallway was poorly maintained. Horrible sleep quality.,Negative
Avoid this hotel if possible. Check-in took over an hour and management did not care about our complaints.,Negative
The hotel was outstanding. The room was very spacious and the staff were extremely friendly.,Positive
We had a great stay at this hotel. The bed was luxurious and soft and breakfast was exceptional.,Positive
We had a awful experience. The bed was broken and squeaky and breakfast was tasteless and overpriced.,Negative
A wonderful experience from check-in to check-out. The staff were cheerful and welcoming and accommodating.,Positive
fantastic customer service throughout our trip. The pool area was The pool was heated and clean.,Positive
impeccable customer service throughout our trip. The pool area was The lobby was beautiful.,Positive
The room was clean and comfortable and spotlessly clean. Staff went out of their way to be cheerful and welcoming.,Positive
We had a great stay at this hotel. The bed was super comfortable and breakfast was superb with lots of choices.,Positive
A wonderful experience from check-in to check-out. The staff were attentive and polite and accommodating.,Positive
"Great value for money. fresh and inviting rooms, tasty and high quality dining, and close to all transit access to downtown.",Positive
We had a terrible experience. The bed was sagging in the middle and breakfast was barely edible with no variety.,Negative
Truly an impeccable property. Will definitely return whenever we visit the city.,Positive
A wonderful experience from check-in to check-out. The staff were warm and helpful and accommodating.,Positive
Terrible customer service. Our room was dirty and cramped and AC was broken.,Negative
A wonderful experience from check-in to check-out. The staff were cheerful and welcoming and accommodating.,Positive
The hotel was marvelous. The room was modern and immaculate and the staff were extremely friendly.,Positive
Avoid this hotel if possible. Check-in took over an hour and management did not care about our complaints.,Negative
We had a amazing stay at this hotel. The bed was cozy with fresh linens and breakfast was superb with lots of choices.,Positive
"Clean, spacious room with a stunning city view. The concierge was warm and helpful.",Positive
"Clean, spacious room with a stunning city view. The concierge was cheerful and welcoming.",Positive
Highly recommend this hotel. Fast and responsive room service and the amenities were marvelous.,Positive
The hotel was impeccable. The room was spotless and well-designed and the staff were warm and helpful.,Positive
Would not recommend this place. Luggage service was non-existent and everything felt poor.,Negative
We had a overpriced experience. The bed was lumpy and uncomfortable and breakfast was inedible.,Negative
Very loud at night with paper-thin walls. The bed was lumpy and uncomfortable and springs were poking through.,Negative
"Great value for money. spotless and well-designed rooms, generous and flavorful dining, and quiet yet accessible access to downtown.",Positive
A wonderful experience from check-in to check-out. The staff were incredibly helpful and accommodating.,Positive
The room smelled like smoke and the hallway was dark and rundown. Horrible sleep quality.,Negative
"Great value for money. fresh and inviting rooms, tasty and high quality dining, and close to all transit access to downtown.",Positive
The room smelled like smoke and the hallway was dark and rundown. Horrible sleep quality.,Negative
Highly recommend this hotel. Flawless housekeeping and the amenities were delightful.,Positive
Would not recommend this place. Check-in took over an hour and everything felt terrible.,Negative
The room smelled like smoke and the hallway was noisy and dated. Horrible sleep quality.,Negative
"Clean, spacious room with a stunning city view. The concierge was incredibly helpful.",Positive
Dirty bathroom and very noisy room. The front desk was completely incompetent.,Negative
Very bad value for the high price. Rude receptionist and greasy and unappetizing food.,Negative
Everything was marvelous! The rooftop lounge was gorgeous and the location was close to all transit.,Positive
Would not recommend this place. Check-in took over an hour and everything felt overpriced.,Negative
The hotel was superb. The room was spotless and well-designed and the staff were extremely friendly.,Positive
wonderful customer service throughout our trip. The pool area was The pool was heated and clean.,Positive
A wonderful experience from check-in to check-out. The staff were warm and helpful and accommodating.,Positive
top-notch customer service throughout our trip. The pool area was The lobby was beautiful.,Positive
Highly recommend this hotel. Quick check-in process and the amenities were amazing.,Positive
Disappointing stay. Wi-Fi was completely down and the area was isolated and unsafe at night.,Negative
Dirty bathroom and very noisy room. The front desk was completely dismissive and indifferent.,Negative
Everything was fantastic! The pool was heated and clean and the location was quiet yet accessible.,Positive
Very bad value for the high price. Rude receptionist and inedible food.,Negative
"Clean, spacious room with a picturesque mountain view. The concierge was warm and helpful.",Positive
Everything was marvelous! The fitness center was modern and the location was perfect for exploring.,Positive
Truly an great property. Will definitely return whenever we visit the city.,Positive
Everything was amazing! The pool was heated and clean and the location was quiet yet accessible.,Positive
Highly recommend this hotel. Quick check-in process and the amenities were wonderful.,Positive
The hotel was poor. The room was dark and rundown and the staff were dismissive and indifferent.,Negative
The room was spotless and well-designed and spotlessly clean. Staff went out of their way to be attentive and polite.,Positive
Everything was pleasant! The lobby was beautiful and the location was ideal for sightseeing.,Positive
The room smelled like smoke and the hallway was noisy and dated. Horrible sleep quality.,Negative
We had a amazing stay at this hotel. The bed was very comfortable and breakfast was tasty and high quality.,Positive
A wonderful experience from check-in to check-out. The staff were incredibly helpful and accommodating.,Positive
The room was cozy and quiet and spotlessly clean. Staff went out of their way to be professional and courteous.,Positive
Highly recommend this hotel. Flawless housekeeping and the amenities were pleasant.,Positive
Highly recommend this hotel. Fast and responsive room service and the amenities were wonderful.,Positive
Very loud at night with paper-thin walls. The bed was lumpy and uncomfortable and springs were poking through.,Negative
"Great value for money. cozy and quiet rooms, tasty and high quality dining, and close to all transit access to downtown.",Positive
Truly an marvelous property. Will definitely return whenever we visit the city.,Positive
"Great value for money. clean and comfortable rooms, exceptional dining, and central and convenient access to downtown.",Positive
Dirty bathroom and very noisy room. The front desk was completely argumentative.,Negative
Truly an impeccable property. Will definitely return whenever we visit the city.,Positive
Terrible customer service. Our room was noisy and dated and AC was broken.,Negative
Very loud at night with paper-thin walls. The bed was broken and squeaky and springs were poking through.,Negative
"Clean, spacious room with a stunning city view. The concierge was extremely friendly.",Positive
Disappointing stay. Wi-Fi was completely down and the area was far from everything.,Negative
"Great value for money. very spacious rooms, tasty and high quality dining, and close to all transit access to downtown.",Positive
Very bad value for the high price. Rude receptionist and tasteless and overpriced food.,Negative
The room smelled like smoke and the hallway was noisy and dated. Horrible sleep quality.,Negative
Very bad value for the high price. Rude receptionist and greasy and unappetizing food.,Negative
"Great value for money. modern and immaculate rooms, exceptional dining, and quiet yet accessible access to downtown.",Positive
The room was very spacious and spotlessly clean. Staff went out of their way to be professional and courteous.,Positive
Truly an superb property. Will definitely return whenever we visit the city.,Positive
The hotel was disappointing. The room was poorly maintained and the staff were cold and unfriendly.,Negative
The room smelled like smoke and the hallway was dark and rundown. Horrible sleep quality.,Negative
Avoid this hotel if possible. Check-in took over an hour and management did not care about our complaints.,Negative
We had a great stay at this hotel. The bed was luxurious and soft and breakfast was exceptional.,Positive
Would not recommend this place. Check-in took over an hour and everything felt horrible.,Negative
"Clean, spacious room with a picturesque mountain view. The concierge was warm and helpful.",Positive
Truly an wonderful property. Will definitely return whenever we visit the city.,Positive
The hotel was impeccable. The room was fresh and inviting and the staff were incredibly helpful.,Positive
Highly recommend this hotel. Fast and responsive room service and the amenities were fantastic.,Positive
Would not recommend this place. Check-in took over an hour and everything felt awful.,Negative
We had a excellent stay at this hotel. The bed was super comfortable and breakfast was superb with lots of choices.,Positive
We had a top-notch stay at this hotel. The bed was wonderfully plush and breakfast was superb with lots of choices.,Positive
The hotel was top-notch. The room was cozy and quiet and the staff were incredibly helpful.,Positive
Very loud at night with paper-thin walls. The bed was hard like a rock and springs were poking through.,Negative
Avoid this hotel if possible. Luggage service was non-existent and management did not care about our complaints.,Negative
Very loud at night with paper-thin walls. The bed was sagging in the middle and springs were poking through.,Negative
Terrible customer service. Our room was stuffy with a foul odor and AC was broken.,Negative
The hotel was top-notch. The room was very spacious and the staff were incredibly helpful.,Positive
A wonderful experience from check-in to check-out. The staff were extremely friendly and accommodating.,Positive
delightful customer service throughout our trip. The pool area was The lobby was beautiful.,Positive
Everything was impeccable! The rooftop lounge was gorgeous and the location was central and convenient.,Positive
We had a superb stay at this hotel. The bed was super comfortable and breakfast was exceptional.,Positive
Truly an wonderful property. Will definitely return whenever we visit the city.,Positive
We had a wonderful stay at this hotel. The bed was wonderfully plush and breakfast was superb with lots of choices.,Positive
"Clean, spacious room with a stunning city view. The concierge was cheerful and welcoming.",Positive
The room smelled like smoke and the hallway was stuffy with a foul odor. Horrible sleep quality.,Negative
"Great value for money. fresh and inviting rooms, tasty and high quality dining, and close to all transit access to downtown.",Positive
Everything was great! The pool was heated and clean and the location was close to all transit.,Positive
The hotel was marvelous. The room was clean and comfortable and the staff were extremely friendly.,Positive
Dirty bathroom and very noisy room. The front desk was completely unprofessional and rude.,Negative
Dirty bathroom and very noisy room. The front desk was completely slow and unhelpful.,Negative
We had a pleasant stay at this hotel. The bed was wonderfully plush and breakfast was generous and flavorful.,Positive
impeccable customer service throughout our trip. The pool area was The pool was heated and clean.,Positive
Highly recommend this hotel. Prompt attention to every detail and the amenities were pleasant.,Positive
The room was spotless and well-designed and spotlessly clean. Staff went out of their way to be incredibly helpful.,Positive
Would not recommend this place. Check-in took over an hour and everything felt poor.,Negative
A wonderful experience from check-in to check-out. The staff were cheerful and welcoming and accommodating.,Positive
Everything was excellent! The pool was heated and clean and the location was central and convenient.,Positive
A wonderful experience from check-in to check-out. The staff were attentive and polite and accommodating.,Positive
"Clean, spacious room with a peaceful ocean view. The concierge was cheerful and welcoming.",Positive
Highly recommend this hotel. Prompt attention to every detail and the amenities were fantastic.,Positive
The room was modern and immaculate and spotlessly clean. Staff went out of their way to be incredibly helpful.,Positive
"Clean, spacious room with a breathtaking skyline view. The concierge was attentive and polite.",Positive
impeccable customer service throughout our trip. The pool area was The fitness center was modern.,Positive
superb customer service throughout our trip. The pool area was The lobby was beautiful.,Positive
We had a fantastic stay at this hotel. The bed was very comfortable and breakfast was tasty and high quality.,Positive
The room was cozy and quiet and spotlessly clean. Staff went out of their way to be cheerful and welcoming.,Positive
Avoid this hotel if possible. Check-in took over an hour and management did not care about our complaints.,Negative
The hotel was top-notch. The room was modern and immaculate and the staff were warm and helpful.,Positive
marvelous customer service throughout our trip. The pool area was The fitness center was modern.,Positive
The hotel was impeccable. The room was spotless and well-designed and the staff were incredibly helpful.,Positive
The room was fresh and inviting and spotlessly clean. Staff went out of their way to be cheerful and welcoming.,Positive
A wonderful experience from check-in to check-out. The staff were warm and helpful and accommodating.,Positive
Everything was impeccable! The lobby was beautiful and the location was ideal for sightseeing.,Positive
We had a amazing stay at this hotel. The bed was luxurious and soft and breakfast was generous and flavorful.,Positive
"Clean, spacious room with a picturesque mountain view. The concierge was attentive and polite.",Positive
A wonderful experience from check-in to check-out. The staff were attentive and polite and accommodating.,Positive
Highly recommend this hotel. Fast and responsive room service and the amenities were top-notch.,Positive
The hotel was impeccable. The room was fresh and inviting and the staff were attentive and polite.,Positive
Everything was amazing! The rooftop lounge was gorgeous and the location was perfect for exploring.,Positive
"Great value for money. very spacious rooms, generous and flavorful dining, and central and convenient access to downtown.",Positive
Dirty bathroom and very noisy room. The front desk was completely dismissive and indifferent.,Negative
A wonderful experience from check-in to check-out. The staff were incredibly helpful and accommodating.,Positive
The hotel was excellent. The room was clean and comfortable and the staff were extremely friendly.,Positive
"Clean, spacious room with a panoramic park view. The concierge was incredibly helpful.",Positive
The hotel was great. The room was fresh and inviting and the staff were warm and helpful.,Positive
Truly an top-notch property. Will definitely return whenever we visit the city.,Positive
wonderful customer service throughout our trip. The pool area was The lobby was beautiful.,Positive
Terrible customer service. Our room was dirty and cramped and AC was broken.,Negative
Disappointing stay. Water pressure in the shower was non-existent and the area was inconvenient with no parking nearby.,Negative
Highly recommend this hotel. Quick check-in process and the amenities were pleasant.,Positive
Dirty bathroom and very noisy room. The front desk was completely cold and unfriendly.,Negative
The hotel was excellent. The room was very spacious and the staff were cheerful and welcoming.,Positive
The room was spotless and well-designed and spotlessly clean. Staff went out of their way to be warm and helpful.,Positive
The room smelled like smoke and the hallway was dirty and cramped. Horrible sleep quality.,Negative
Truly an excellent property. Will definitely return whenever we visit the city.,Positive
A wonderful experience from check-in to check-out. The staff were warm and helpful and accommodating.,Positive
The hotel was horrible. The room was noisy and dated and the staff were slow and unhelpful.,Negative
"Great value for money. clean and comfortable rooms, generous and flavorful dining, and ideal for sightseeing access to downtown.",Positive
Truly an marvelous property. Will definitely return whenever we visit the city.,Positive
"Clean, spacious room with a picturesque mountain view. The concierge was warm and helpful.",Positive
We had a outstanding stay at this hotel. The bed was cozy with fresh linens and breakfast was tasty and high quality.,Positive
The room was fresh and inviting and spotlessly clean. Staff went out of their way to be extremely friendly.,Positive
Terrible customer service. Our room was dirty and cramped and AC was broken.,Negative
"Great value for money. cozy and quiet rooms, generous and flavorful dining, and central and convenient access to downtown.",Positive
"Clean, spacious room with a peaceful ocean view. The concierge was cheerful and welcoming.",Positive
The hotel was impeccable. The room was clean and comfortable and the staff were extremely friendly.,Positive
impeccable customer service throughout our trip. The pool area was The pool was heated and clean.,Positive
Highly recommend this hotel. Prompt attention to every detail and the amenities were great.,Positive
A wonderful experience from check-in to check-out. The staff were attentive and polite and accommodating.,Positive
Truly an delightful property. Will definitely return whenever we visit the city.,Positive
Terrible customer service. Our room was noisy and dated and AC was broken.,Negative
"Clean, spacious room with a peaceful ocean view. The concierge was attentive and polite.",Positive
Truly an pleasant property. Will definitely return whenever we visit the city.,Positive
A wonderful experience from check-in to check-out. The staff were extremely friendly and accommodating.,Positive
A wonderful experience from check-in to check-out. The staff were attentive and polite and accommodating.,Positive
"Clean, spacious room with a breathtaking skyline view. The concierge was incredibly helpful.",Positive
Terrible customer service. Our room was noisy and dated and AC was broken.,Negative
A wonderful experience from check-in to check-out. The staff were cheerful and welcoming and accommodating.,Positive
Truly an wonderful property. Will definitely return whenever we visit the city.,Positive
We had a excellent stay at this hotel. The bed was wonderfully plush and breakfast was delicious and fresh.,Positive
Highly recommend this hotel. Fast and responsive room service and the amenities were top-notch.,Positive
The room smelled like smoke and the hallway was poorly maintained. Horrible sleep quality.,Negative
Avoid this hotel if possible. No one answered the front desk phone and management did not care about our complaints.,Negative
Very loud at night with paper-thin walls. The bed was terrible to sleep on and springs were poking through.,Negative
Highly recommend this hotel. Fast and responsive room service and the amenities were delightful.,Positive
top-notch customer service throughout our trip. The pool area was The rooftop lounge was gorgeous.,Positive
Everything was top-notch! The fitness center was modern and the location was central and convenient.,Positive
"Great value for money. very spacious rooms, superb with lots of choices dining, and quiet yet accessible access to downtown.",Positive
The hotel was amazing. The room was clean and comfortable and the staff were warm and helpful.,Positive
"Clean, spacious room with a peaceful ocean view. The concierge was professional and courteous.",Positive
A wonderful experience from check-in to check-out. The staff were professional and courteous and accommodating.,Positive
Truly an top-notch property. Will definitely return whenever we visit the city.,Positive
The room was spotless and well-designed and spotlessly clean. Staff went out of their way to be incredibly helpful.,Positive
Very bad value for the high price. Rude receptionist and greasy and unappetizing food.,Negative
"Great value for money. fresh and inviting rooms, delicious and fresh dining, and ideal for sightseeing access to downtown.",Positive
"Great value for money. fresh and inviting rooms, exceptional dining, and perfect for exploring access to downtown.",Positive
A wonderful experience from check-in to check-out. The staff were cheerful and welcoming and accommodating.,Positive
Everything was top-notch! The lobby was beautiful and the location was close to all transit.,Positive
The hotel was pleasant. The room was spotless and well-designed and the staff were professional and courteous.,Positive
excellent customer service throughout our trip. The pool area was The rooftop lounge was gorgeous.,Positive
Disappointing stay. Air conditioning was noisy and leaked and the area was inconvenient with no parking nearby.,Negative
fantastic customer service throughout our trip. The pool area was The lobby was beautiful.,Positive
Terrible customer service. Our room was poorly maintained and AC was broken.,Negative
The room was spotless and well-designed and spotlessly clean. Staff went out of their way to be cheerful and welcoming.,Positive
"Great value for money. spotless and well-designed rooms, tasty and high quality dining, and close to all transit access to downtown.",Positive
fantastic customer service throughout our trip. The pool area was The lobby was beautiful.,Positive
The room was clean and comfortable and spotlessly clean. Staff went out of their way to be incredibly helpful.,Positive
Very loud at night with paper-thin walls. The bed was hard like a rock and springs were poking through.,Negative
Dirty bathroom and very noisy room. The front desk was completely slow and unhelpful.,Negative
"Great value for money. spotless and well-designed rooms, superb with lots of choices dining, and close to all transit access to downtown.",Positive
"Clean, spacious room with a breathtaking skyline view. The concierge was extremely friendly.",Positive
"Great value for money. spotless and well-designed rooms, delicious and fresh dining, and perfect for exploring access to downtown.",Positive
Highly recommend this hotel. Quick check-in process and the amenities were superb.,Positive
The room was very spacious and spotlessly clean. Staff went out of their way to be incredibly helpful.,Positive
Everything was pleasant! The lobby was beautiful and the location was quiet yet accessible.,Positive
Highly recommend this hotel. Flawless housekeeping and the amenities were superb.,Positive
We had a pleasant stay at this hotel. The bed was cozy with fresh linens and breakfast was exceptional.,Positive
The room was cozy and quiet and spotlessly clean. Staff went out of their way to be incredibly helpful.,Positive
We had a impeccable stay at this hotel. The bed was wonderfully plush and breakfast was exceptional.,Positive
Truly an wonderful property. Will definitely return whenever we visit the city.,Positive
outstanding customer service throughout our trip. The pool area was The pool was heated and clean.,Positive
Highly recommend this hotel. Flawless housekeeping and the amenities were fantastic.,Positive
The room smelled like smoke and the hallway was stuffy with a foul odor. Horrible sleep quality.,Negative
A wonderful experience from check-in to check-out. The staff were extremely friendly and accommodating.,Positive
"Clean, spacious room with a panoramic park view. The concierge was incredibly helpful.",Positive
Truly an fantastic property. Will definitely return whenever we visit the city.,Positive
We had a unacceptable experience. The bed was sagging in the middle and breakfast was greasy and unappetizing.,Negative
great customer service throughout our trip. The pool area was The fitness center was modern.,Positive
Would not recommend this place. No one answered the front desk phone and everything felt subpar.,Negative
Everything was outstanding! The fitness center was modern and the location was ideal for sightseeing.,Positive
Dirty bathroom and very noisy room. The front desk was completely incompetent.,Negative
Dirty bathroom and very noisy room. The front desk was completely argumentative.,Negative
Would not recommend this place. Check-in took over an hour and everything felt unacceptable.,Negative
"Clean, spacious room with a peaceful ocean view. The concierge was incredibly helpful.",Positive
The hotel was subpar. The room was filthy with stained sheets and the staff were cold and unfriendly.,Negative
Dirty bathroom and very noisy room. The front desk was completely argumentative.,Negative
Disappointing stay. Elevator was out of order all weekend and the area was isolated and unsafe at night.,Negative
The room was cozy and quiet and spotlessly clean. Staff went out of their way to be attentive and polite.,Positive
"Clean, spacious room with a breathtaking skyline view. The concierge was incredibly helpful.",Positive
Truly an top-notch property. Will definitely return whenever we visit the city.,Positive
Highly recommend this hotel. Prompt attention to every detail and the amenities were pleasant.,Positive
Truly an excellent property. Will definitely return whenever we visit the city.,Positive
Everything was wonderful! The lobby was beautiful and the location was quiet yet accessible.,Positive
Truly an wonderful property. Will definitely return whenever we visit the city.,Positive
A wonderful experience from check-in to check-out. The staff were extremely friendly and accommodating.,Positive
Truly an top-notch property. Will definitely return whenever we visit the city.,Positive
We had a terrible experience. The bed was terrible to sleep on and breakfast was inedible.,Negative
We had a superb stay at this hotel. The bed was luxurious and soft and breakfast was tasty and high quality.,Positive
The room was clean and comfortable and spotlessly clean. Staff went out of their way to be incredibly helpful.,Positive
The room was cozy and quiet and spotlessly clean. Staff went out of their way to be attentive and polite.,Positive
Highly recommend this hotel. Prompt attention to every detail and the amenities were impeccable.,Positive
Truly an amazing property. Will definitely return whenever we visit the city.,Positive
Avoid this hotel if possible. Housekeeping never cleaned our room and management did not care about our complaints.,Negative
Truly an delightful property. Will definitely return whenever we visit the city.,Positive
"Clean, spacious room with a stunning city view. The concierge was incredibly helpful.",Positive
The room smelled like smoke and the hallway was poorly maintained. Horrible sleep quality.,Negative
We had a dreadful experience. The bed was lumpy and uncomfortable and breakfast was inedible.,Negative
The hotel was awful. The room was noisy and dated and the staff were dismissive and indifferent.,Negative
Very bad value for the high price. Rude receptionist and inedible food.,Negative
Highly recommend this hotel. Flawless housekeeping and the amenities were outstanding.,Positive
The room smelled like smoke and the hallway was dirty and cramped. Horrible sleep quality.,Negative
"Great value for money. very spacious rooms, generous and flavorful dining, and quiet yet accessible access to downtown.",Positive
Everything was impeccable! The lobby was beautiful and the location was ideal for sightseeing.,Positive
We had a delightful stay at this hotel. The bed was cozy with fresh linens and breakfast was delicious and fresh.,Positive
Highly recommend this hotel. Quick check-in process and the amenities were pleasant.,Positive
A wonderful experience from check-in to check-out. The staff were professional and courteous and accommodating.,Positive
excellent customer service throughout our trip. The pool area was The pool was heated and clean.,Positive
The room was cozy and quiet and spotlessly clean. Staff went out of their way to be professional and courteous.,Positive
Highly recommend this hotel. Flawless housekeeping and the amenities were fantastic.,Positive
"Clean, spacious room with a breathtaking skyline view. The concierge was warm and helpful.",Positive
Dirty bathroom and very noisy room. The front desk was completely incompetent.,Negative
Terrible customer service. Our room was noisy and dated and AC was broken.,Negative
Very loud at night with paper-thin walls. The bed was hard like a rock and springs were poking through.,Negative
Everything was wonderful! The fitness center was modern and the location was quiet yet accessible.,Positive
"Great value for money. spotless and well-designed rooms, exceptional dining, and ideal for sightseeing access to downtown.",Positive
A wonderful experience from check-in to check-out. The staff were extremely friendly and accommodating.,Positive
Truly an superb property. Will definitely return whenever we visit the city.,Positive
Dirty bathroom and very noisy room. The front desk was completely slow and unhelpful.,Negative
"Clean, spacious room with a picturesque mountain view. The concierge was professional and courteous.",Positive
Everything was fantastic! The lobby was beautiful and the location was quiet yet accessible.,Positive
The room smelled like smoke and the hallway was noisy and dated. Horrible sleep quality.,Negative
We had a amazing stay at this hotel. The bed was wonderfully plush and breakfast was generous and flavorful.,Positive
"Great value for money. very spacious rooms, generous and flavorful dining, and ideal for sightseeing access to downtown.",Positive
The room smelled like smoke and the hallway was dark and rundown. Horrible sleep quality.,Negative
A wonderful experience from check-in to check-out. The staff were extremely friendly and accommodating.,Positive
Terrible customer service. Our room was dark and rundown and AC was broken.,Negative
Very bad value for the high price. Rude receptionist and cold and stale food.,Negative
Disappointing stay. Water pressure in the shower was non-existent and the area was inconvenient with no parking nearby.,Negative
The hotel was marvelous. The room was fresh and inviting and the staff were extremely friendly.,Positive
Highly recommend this hotel. Fast and responsive room service and the amenities were outstanding.,Positive
The hotel was pleasant. The room was very spacious and the staff were attentive and polite.,Positive
A wonderful experience from check-in to check-out. The staff were attentive and polite and accommodating.,Positive
We had a fantastic stay at this hotel. The bed was cozy with fresh linens and breakfast was generous and flavorful.,Positive
"Clean, spacious room with a breathtaking skyline view. The concierge was incredibly helpful.",Positive
A wonderful experience from check-in to check-out. The staff were incredibly helpful and accommodating.,Positive
Would not recommend this place. Check-in took over an hour and everything felt dreadful.,Negative
The room smelled like smoke and the hallway was dirty and cramped. Horrible sleep quality.,Negative
Truly an great property. Will definitely return whenever we visit the city.,Positive
"Clean, spacious room with a peaceful ocean view. The concierge was incredibly helpful.",Positive
The room smelled like smoke and the hallway was dirty and cramped. Horrible sleep quality.,Negative
The hotel was superb. The room was very spacious and the staff were cheerful and welcoming.,Positive
"Great value for money. fresh and inviting rooms, superb with lots of choices dining, and perfect for exploring access to downtown.",Positive
A wonderful experience from check-in to check-out. The staff were warm and helpful and accommodating.,Positive
Very bad value for the high price. Rude receptionist and inedible food.,Negative
"Great value for money. modern and immaculate rooms, superb with lots of choices dining, and perfect for exploring access to downtown.",Positive
Very bad value for the high price. Rude receptionist and cold and stale food.,Negative
We had a delightful stay at this hotel. The bed was very comfortable and breakfast was delicious and fresh.,Positive
A wonderful experience from check-in to check-out. The staff were incredibly helpful and accommodating.,Positive
"Great value for money. clean and comfortable rooms, tasty and high quality dining, and quiet yet accessible access to downtown.",Positive
"Clean, spacious room with a picturesque mountain view. The concierge was attentive and polite.",Positive
Avoid this hotel if possible. Check-in took over an hour and management did not care about our complaints.,Negative
Avoid this hotel if possible. Housekeeping never cleaned our room and management did not care about our complaints.,Negative
The room smelled like smoke and the hallway was stuffy with a foul odor. Horrible sleep quality.,Negative
A wonderful experience from check-in to check-out. The staff were professional and courteous and accommodating.,Positive
"Clean, spacious room with a peaceful ocean view. The concierge was professional and courteous.",Positive
A wonderful experience from check-in to check-out. The staff were extremely friendly and accommodating.,Positive
The room smelled like smoke and the hallway was dark and rundown. Horrible sleep quality.,Negative
"Clean, spacious room with a stunning city view. The concierge was incredibly helpful.",Positive
Disappointing stay. Wi-Fi was completely down and the area was isolated and unsafe at night.,Negative
A wonderful experience from check-in to check-out. The staff were cheerful and welcoming and accommodating.,Positive
We had a amazing stay at this hotel. The bed was luxurious and soft and breakfast was generous and flavorful.,Positive
Dirty bathroom and very noisy room. The front desk was completely dismissive and indifferent.,Negative
The hotel was top-notch. The room was fresh and inviting and the staff were professional and courteous.,Positive
"Clean, spacious room with a panoramic park view. The concierge was attentive and polite.",Positive
Highly recommend this hotel. Flawless housekeeping and the amenities were delightful.,Positive
We had a horrible experience. The bed was terrible to sleep on and breakfast was inedible.,Negative
Avoid this hotel if possible. No one answered the front desk phone and management did not care about our complaints.,Negative
A wonderful experience from check-in to check-out. The staff were professional and courteous and accommodating.,Positive
Truly an amazing property. Will definitely return whenever we visit the city.,Positive
A wonderful experience from check-in to check-out. The staff were professional and courteous and accommodating.,Positive
Disappointing stay. Air conditioning was noisy and leaked and the area was isolated and unsafe at night.,Negative
Disappointing stay. Elevator was out of order all weekend and the area was far from everything.,Negative
Very bad value for the high price. Rude receptionist and cold and stale food.,Negative
Disappointing stay. Wi-Fi was completely down and the area was inconvenient with no parking nearby.,Negative
Everything was wonderful! The rooftop lounge was gorgeous and the location was quiet yet accessible.,Positive
We had a amazing stay at this hotel. The bed was cozy with fresh linens and breakfast was tasty and high quality.,Positive
"Great value for money. fresh and inviting rooms, generous and flavorful dining, and close to all transit access to downtown.",Positive
The room was clean and comfortable and spotlessly clean. Staff went out of their way to be warm and helpful.,Positive
"Clean, spacious room with a stunning city view. The concierge was extremely friendly.",Positive
"Great value for money. very spacious rooms, generous and flavorful dining, and quiet yet accessible access to downtown.",Positive
Very loud at night with paper-thin walls. The bed was lumpy and uncomfortable and springs were poking through.,Negative
The room was very spacious and spotlessly clean. Staff went out of their way to be warm and helpful.,Positive
Disappointing stay. Elevator was out of order all weekend and the area was surrounded by heavy construction noise.,Negative
Highly recommend this hotel. Fast and responsive room service and the amenities were impeccable.,Positive
great customer service throughout our trip. The pool area was The lobby was beautiful.,Positive
The hotel was horrible. The room was stuffy with a foul odor and the staff were slow and unhelpful.,Negative
The hotel was impeccable. The room was modern and immaculate and the staff were attentive and polite.,Positive
"Clean, spacious room with a panoramic park view. The concierge was incredibly helpful.",Positive
Highly recommend this hotel. Quick check-in process and the amenities were amazing.,Positive
The hotel was superb. The room was cozy and quiet and the staff were warm and helpful.,Positive
delightful customer service throughout our trip. The pool area was The rooftop lounge was gorgeous.,Positive
Truly an amazing property. Will definitely return whenever we visit the city.,Positive
The hotel was outstanding. The room was cozy and quiet and the staff were cheerful and welcoming.,Positive
The hotel was excellent. The room was spotless and well-designed and the staff were extremely friendly.,Positive
We had a dreadful experience. The bed was hard like a rock and breakfast was barely edible with no variety.,Negative
Very bad value for the high price. Rude receptionist and tasteless and overpriced food.,Negative
Very bad value for the high price. Rude receptionist and barely edible with no variety food.,Negative
"Clean, spacious room with a panoramic park view. The concierge was cheerful and welcoming.",Positive
A wonderful experience from check-in to check-out. The staff were attentive and polite and accommodating.,Positive
The hotel was marvelous. The room was modern and immaculate and the staff were cheerful and welcoming.,Positive
Very loud at night with paper-thin walls. The bed was terrible to sleep on and springs were poking through.,Negative
fantastic customer service throughout our trip. The pool area was The lobby was beautiful.,Positive
Everything was impeccable! The fitness center was modern and the location was quiet yet accessible.,Positive
The hotel was poor. The room was stuffy with a foul odor and the staff were incompetent.,Negative
The hotel was superb. The room was very spacious and the staff were attentive and polite.,Positive
Truly an superb property. Will definitely return whenever we visit the city.,Positive
"Great value for money. very spacious rooms, tasty and high quality dining, and central and convenient access to downtown.",Positive
The room was cozy and quiet and spotlessly clean. Staff went out of their way to be extremely friendly.,Positive
The hotel was top-notch. The room was modern and immaculate and the staff were cheerful and welcoming.,Positive
A wonderful experience from check-in to check-out. The staff were incredibly helpful and accommodating.,Positive
Everything was impeccable! The fitness center was modern and the location was perfect for exploring.,Positive
great customer service throughout our trip. The pool area was The pool was heated and clean.,Positive
Highly recommend this hotel. Prompt attention to every detail and the amenities were superb.,Positive
Very loud at night with paper-thin walls. The bed was lumpy and uncomfortable and springs were poking through.,Negative
Terrible customer service. Our room was noisy and dated and AC was broken.,Negative
Truly an delightful property. Will definitely return whenever we visit the city.,Positive
Everything was marvelous! The rooftop lounge was gorgeous and the location was quiet yet accessible.,Positive
Very loud at night with paper-thin walls. The bed was broken and squeaky and springs were poking through.,Negative
We had a unacceptable experience. The bed was broken and squeaky and breakfast was inedible.,Negative
The hotel was subpar. The room was stuffy with a foul odor and the staff were unprofessional and rude.,Negative
A wonderful experience from check-in to check-out. The staff were professional and courteous and accommodating.,Positive
A wonderful experience from check-in to check-out. The staff were incredibly helpful and accommodating.,Positive
A wonderful experience from check-in to check-out. The staff were cheerful and welcoming and accommodating.,Positive
We had a subpar experience. The bed was broken and squeaky and breakfast was greasy and unappetizing.,Negative
Highly recommend this hotel. Prompt attention to every detail and the amenities were fantastic.,Positive
"Clean, spacious room with a panoramic park view. The concierge was warm and helpful.",Positive
We had a pleasant stay at this hotel. The bed was cozy with fresh linens and breakfast was exceptional.,Positive
Very loud at night with paper-thin walls. The bed was lumpy and uncomfortable and springs were poking through.,Negative
Truly an fantastic property. Will definitely return whenever we visit the city.,Positive
Truly an pleasant property. Will definitely return whenever we visit the city.,Positive
A wonderful experience from check-in to check-out. The staff were incredibly helpful and accommodating.,Positive
The room was very spacious and spotlessly clean. Staff went out of their way to be incredibly helpful.,Positive
"Great value for money. modern and immaculate rooms, superb with lots of choices dining, and central and convenient access to downtown.",Positive
The room was clean and comfortable and spotlessly clean. Staff went out of their way to be professional and courteous.,Positive
Avoid this hotel if possible. Housekeeping never cleaned our room and management did not care about our complaints.,Negative
The room was very spacious and spotlessly clean. Staff went out of their way to be cheerful and welcoming.,Positive
"Great value for money. modern and immaculate rooms, generous and flavorful dining, and close to all transit access to downtown.",Positive
A wonderful experience from check-in to check-out. The staff were professional and courteous and accommodating.,Positive
The room was cozy and quiet and spotlessly clean. Staff went out of their way to be attentive and polite.,Positive
Terrible customer service. Our room was stuffy with a foul odor and AC was broken.,Negative
The room was fresh and inviting and spotlessly clean. Staff went out of their way to be professional and courteous.,Positive
Highly recommend this hotel. Flawless housekeeping and the amenities were marvelous.,Positive
"Great value for money. modern and immaculate rooms, exceptional dining, and close to all transit access to downtown.",Positive
Truly an great property. Will definitely return whenever we visit the city.,Positive
"Great value for money. clean and comfortable rooms, delicious and fresh dining, and close to all transit access to downtown.",Positive
Very loud at night with paper-thin walls. The bed was broken and squeaky and springs were poking through.,Negative
Everything was marvelous! The pool was heated and clean and the location was quiet yet accessible.,Positive
Highly recommend this hotel. Quick check-in process and the amenities were superb.,Positive
The room was clean and comfortable and spotlessly clean. Staff went out of their way to be incredibly helpful.,Positive
Avoid this hotel if possible. Luggage service was non-existent and management did not care about our complaints.,Negative
fantastic customer service throughout our trip. The pool area was The pool was heated and clean.,Positive
Highly recommend this hotel. Flawless housekeeping and the amenities were pleasant.,Positive
"Great value for money. clean and comfortable rooms, exceptional dining, and perfect for exploring access to downtown.",Positive
Truly an impeccable property. Will definitely return whenever we visit the city.,Positive
Terrible customer service. Our room was noisy and dated and AC was broken.,Negative
A wonderful experience from check-in to check-out. The staff were attentive and polite and accommodating.,Positive
We had a marvelous stay at this hotel. The bed was very comfortable and breakfast was generous and flavorful.,Positive
great customer service throughout our trip. The pool area was The rooftop lounge was gorgeous.,Positive
Would not recommend this place. Luggage service was non-existent and everything felt overpriced.,Negative
A wonderful experience from check-in to check-out. The staff were incredibly helpful and accommodating.,Positive
Everything was wonderful! The fitness center was modern and the location was close to all transit.,Positive
outstanding customer service throughout our trip. The pool area was The rooftop lounge was gorgeous.,Positive
wonderful customer service throughout our trip. The pool area was The fitness center was modern.,Positive
Truly an pleasant property. Will definitely return whenever we visit the city.,Positive
We had a amazing stay at this hotel. The bed was very comfortable and breakfast was superb with lots of choices.,Positive
"Great value for money. clean and comfortable rooms, exceptional dining, and quiet yet accessible access to downtown.",Positive
delightful customer service throughout our trip. The pool area was The lobby was beautiful.,Positive
Highly recommend this hotel. Flawless housekeeping and the amenities were marvelous.,Positive
Disappointing stay. Wi-Fi was completely down and the area was surrounded by heavy construction noise.,Negative
The hotel was amazing. The room was modern and immaculate and the staff were warm and helpful.,Positive
A wonderful experience from check-in to check-out. The staff were professional and courteous and accommodating.,Positive
Everything was pleasant! The lobby was beautiful and the location was ideal for sightseeing.,Positive
"Clean, spacious room with a breathtaking skyline view. The concierge was professional and courteous.",Positive
Everything was marvelous! The rooftop lounge was gorgeous and the location was ideal for sightseeing.,Positive
Everything was impeccable! The pool was heated and clean and the location was quiet yet accessible.,Positive
"Great value for money. very spacious rooms, delicious and fresh dining, and central and convenient access to downtown.",Positive
Truly an wonderful property. Will definitely return whenever we visit the city.,Positive
Everything was amazing! The rooftop lounge was gorgeous and the location was perfect for exploring.,Positive
"Great value for money. clean and comfortable rooms, exceptional dining, and quiet yet accessible access to downtown.",Positive
Everything was amazing! The pool was heated and clean and the location was perfect for exploring.,Positive
"Great value for money. modern and immaculate rooms, exceptional dining, and perfect for exploring access to downtown.",Positive
We had a awful experience. The bed was broken and squeaky and breakfast was inedible.,Negative
Truly an pleasant property. Will definitely return whenever we visit the city.,Positive
We had a top-notch stay at this hotel. The bed was super comfortable and breakfast was exceptional.,Positive
Avoid this hotel if possible. No one answered the front desk phone and management did not care about our complaints.,Negative
Would not recommend this place. Luggage service was non-existent and everything felt horrible.,Negative
Highly recommend this hotel. Prompt attention to every detail and the amenities were superb.,Positive
The room was spotless and well-designed and spotlessly clean. Staff went out of their way to be incredibly helpful.,Positive
We had a unacceptable experience. The bed was broken and squeaky and breakfast was barely edible with no variety.,Negative
"Clean, spacious room with a picturesque mountain view. The concierge was extremely friendly.",Positive
We had a marvelous stay at this hotel. The bed was cozy with fresh linens and breakfast was superb with lots of choices.,Positive
The hotel was poor. The room was filthy with stained sheets and the staff were dismissive and indifferent.,Negative
We had a top-notch stay at this hotel. The bed was cozy with fresh linens and breakfast was superb with lots of choices.,Positive
A wonderful experience from check-in to check-out. The staff were warm and helpful and accommodating.,Positive
Everything was top-notch! The fitness center was modern and the location was perfect for exploring.,Positive
We had a wonderful stay at this hotel. The bed was luxurious and soft and breakfast was superb with lots of choices.,Positive
A wonderful experience from check-in to check-out. The staff were incredibly helpful and accommodating.,Positive
The hotel was impeccable. The room was fresh and inviting and the staff were extremely friendly.,Positive
Everything was fantastic! The lobby was beautiful and the location was central and convenient.,Positive
We had a dreadful experience. The bed was hard like a rock and breakfast was greasy and unappetizing.,Negative
"Great value for money. spotless and well-designed rooms, generous and flavorful dining, and perfect for exploring access to downtown.",Positive
We had a outstanding stay at this hotel. The bed was wonderfully plush and breakfast was superb with lots of choices.,Positive
A wonderful experience from check-in to check-out. The staff were attentive and polite and accommodating.,Positive
amazing customer service throughout our trip. The pool area was The lobby was beautiful.,Positive
Highly recommend this hotel. Quick check-in process and the amenities were impeccable.,Positive
A wonderful experience from check-in to check-out. The staff were attentive and polite and accommodating.,Positive
We had a overpriced experience. The bed was broken and squeaky and breakfast was cold and stale.,Negative
We had a terrible experience. The bed was hard like a rock and breakfast was inedible.,Negative
"Clean, spacious room with a panoramic park view. The concierge was extremely friendly.",Positive
fantastic customer service throughout our trip. The pool area was The pool was heated and clean.,Positive
Very bad value for the high price. Rude receptionist and inedible food.,Negative
We had a delightful stay at this hotel. The bed was luxurious and soft and breakfast was generous and flavorful.,Positive
Avoid this hotel if possible. Luggage service was non-existent and management did not care about our complaints.,Negative
Very loud at night with paper-thin walls. The bed was lumpy and uncomfortable and springs were poking through.,Negative
Everything was amazing! The fitness center was modern and the location was central and convenient.,Positive
The room was modern and immaculate and spotlessly clean. Staff went out of their way to be professional and courteous.,Positive
The hotel was subpar. The room was noisy and dated and the staff were incompetent.,Negative
We had a subpar experience. The bed was broken and squeaky and breakfast was tasteless and overpriced.,Negative
Truly an great property. Will definitely return whenever we visit the city.,Positive
"Great value for money. cozy and quiet rooms, delicious and fresh dining, and close to all transit access to downtown.",Positive
Very bad value for the high price. Rude receptionist and barely edible with no variety food.,Negative
top-notch customer service throughout our trip. The pool area was The lobby was beautiful.,Positive
Disappointing stay. Water pressure in the shower was non-existent and the area was far from everything.,Negative
A wonderful experience from check-in to check-out. The staff were warm and helpful and accommodating.,Positive
Truly an fantastic property. Will definitely return whenever we visit the city.,Positive
The room smelled like smoke and the hallway was dirty and cramped. Horrible sleep quality.,Negative
Truly an impeccable property. Will definitely return whenever we visit the city.,Positive
The hotel was impeccable. The room was fresh and inviting and the staff were professional and courteous.,Positive
Truly an pleasant property. Will definitely return whenever we visit the city.,Positive
"Clean, spacious room with a panoramic park view. The concierge was attentive and polite.",Positive
The room was fresh and inviting and spotlessly clean. Staff went out of their way to be professional and courteous.,Positive
"Clean, spacious room with a breathtaking skyline view. The concierge was incredibly helpful.",Positive
The room was clean and comfortable and spotlessly clean. Staff went out of their way to be incredibly helpful.,Positive
The hotel was pleasant. The room was fresh and inviting and the staff were cheerful and welcoming.,Positive
amazing customer service throughout our trip. The pool area was The pool was heated and clean.,Positive
Very bad value for the high price. Rude receptionist and greasy and unappetizing food.,Negative
The room was modern and immaculate and spotlessly clean. Staff went out of their way to be warm and helpful.,Positive
The room smelled like smoke and the hallway was poorly maintained. Horrible sleep quality.,Negative
amazing customer service throughout our trip. The pool area was The rooftop lounge was gorgeous.,Positive
Highly recommend this hotel. Flawless housekeeping and the amenities were amazing.,Positive
The hotel was superb. The room was spotless and well-designed and the staff were incredibly helpful.,Positive
The hotel was awful. The room was poorly maintained and the staff were incompetent.,Negative
Everything was superb! The lobby was beautiful and the location was central and convenient.,Positive
"Great value for money. modern and immaculate rooms, delicious and fresh dining, and ideal for sightseeing access to downtown.",Positive
"Clean, spacious room with a peaceful ocean view. The concierge was professional and courteous.",Positive
A wonderful experience from check-in to check-out. The staff were extremely friendly and accommodating.,Positive
The hotel was delightful. The room was spotless and well-designed and the staff were incredibly helpful.,Positive
We had a poor experience. The bed was sagging in the middle and breakfast was tasteless and overpriced.,Negative
Dirty bathroom and very noisy room. The front desk was completely cold and unfriendly.,Negative
"Clean, spacious room with a breathtaking skyline view. The concierge was professional and courteous.",Positive
"Clean, spacious room with a panoramic park view. The concierge was professional and courteous.",Positive
A wonderful experience from check-in to check-out. The staff were extremely friendly and accommodating.,Positive
The room smelled like smoke and the hallway was stuffy with a foul odor. Horrible sleep quality.,Negative
wonderful customer service throughout our trip. The pool area was The rooftop lounge was gorgeous.,Positive
We had a great stay at this hotel. The bed was luxurious and soft and breakfast was superb with lots of choices.,Positive
Would not recommend this place. Check-in took over an hour and everything felt awful.,Negative
The hotel was excellent. The room was cozy and quiet and the staff were incredibly helpful.,Positive
The room smelled like smoke and the hallway was stuffy with a foul odor. Horrible sleep quality.,Negative
Avoid this hotel if possible. Luggage service was non-existent and management did not care about our complaints.,Negative
The room was very spacious and spotlessly clean. Staff went out of their way to be professional and courteous.,Positive
Would not recommend this place. Check-in took over an hour and everything felt poor.,Negative
The room was very spacious and spotlessly clean. Staff went out of their way to be incredibly helpful.,Positive
"Clean, spacious room with a peaceful ocean view. The concierge was professional and courteous.",Positive
Everything was fantastic! The rooftop lounge was gorgeous and the location was quiet yet accessible.,Positive
Avoid this hotel if possible. Luggage service was non-existent and management did not care about our complaints.,Negative
The hotel was poor. The room was noisy and dated and the staff were cold and unfriendly.,Negative
Everything was pleasant! The rooftop lounge was gorgeous and the location was perfect for exploring.,Positive
Everything was delightful! The lobby was beautiful and the location was close to all transit.,Positive
"Great value for money. fresh and inviting rooms, delicious and fresh dining, and close to all transit access to downtown.",Positive
The room was clean and comfortable and spotlessly clean. Staff went out of their way to be incredibly helpful.,Positive
Disappointing stay. Wi-Fi was completely down and the area was isolated and unsafe at night.,Negative
Very loud at night with paper-thin walls. The bed was lumpy and uncomfortable and springs were poking through.,Negative
Everything was wonderful! The lobby was beautiful and the location was perfect for exploring.,Positive
Dirty bathroom and very noisy room. The front desk was completely unprofessional and rude.,Negative
Avoid this hotel if possible. No one answered the front desk phone and management did not care about our complaints.,Negative
The room smelled like smoke and the hallway was dirty and cramped. Horrible sleep quality.,Negative
"Great value for money. spotless and well-designed rooms, tasty and high quality dining, and close to all transit access to downtown.",Positive
"Clean, spacious room with a picturesque mountain view. The concierge was incredibly helpful.",Positive
We had a great stay at this hotel. The bed was cozy with fresh linens and breakfast was exceptional.,Positive
Very loud at night with paper-thin walls. The bed was sagging in the middle and springs were poking through.,Negative
Highly recommend this hotel. Flawless housekeeping and the amenities were excellent.,Positive
Highly recommend this hotel. Prompt attention to every detail and the amenities were fantastic.,Positive
Truly an pleasant property. Will definitely return whenever we visit the city.,Positive
The room smelled like smoke and the hallway was poorly maintained. Horrible sleep quality.,Negative
Terrible customer service. Our room was noisy and dated and AC was broken.,Negative
Highly recommend this hotel. Quick check-in process and the amenities were top-notch.,Positive
Truly an marvelous property. Will definitely return whenever we visit the city.,Positive
"Great value for money. fresh and inviting rooms, delicious and fresh dining, and close to all transit access to downtown.",Positive
"Great value for money. spotless and well-designed rooms, tasty and high quality dining, and close to all transit access to downtown.",Positive
"Great value for money. modern and immaculate rooms, superb with lots of choices dining, and ideal for sightseeing access to downtown.",Positive
A wonderful experience from check-in to check-out. The staff were professional and courteous and accommodating.,Positive
The room smelled like smoke and the hallway was poorly maintained. Horrible sleep quality.,Negative
We had a horrible experience. The bed was hard like a rock and breakfast was barely edible with no variety.,Negative
We had a disappointing experience. The bed was sagging in the middle and breakfast was inedible.,Negative
The room smelled like smoke and the hallway was noisy and dated. Horrible sleep quality.,Negative
Everything was fantastic! The lobby was beautiful and the location was ideal for sightseeing.,Positive
Truly an excellent property. Will definitely return whenever we visit the city.,Positive
The hotel was subpar. The room was stuffy with a foul odor and the staff were argumentative.,Negative
A wonderful experience from check-in to check-out. The staff were cheerful and welcoming and accommodating.,Positive
Everything was impeccable! The lobby was beautiful and the location was ideal for sightseeing.,Positive
We had a delightful stay at this hotel. The bed was cozy with fresh linens and breakfast was exceptional.,Positive
Disappointing stay. Wi-Fi was completely down and the area was far from everything.,Negative
wonderful customer service throughout our trip. The pool area was The fitness center was modern.,Positive
Truly an marvelous property. Will definitely return whenever we visit the city.,Positive
Truly an excellent property. Will definitely return whenever we visit the city.,Positive
Truly an outstanding property. Will definitely return whenever we visit the city.,Positive
Everything was wonderful! The rooftop lounge was gorgeous and the location was quiet yet accessible.,Positive
"Clean, spacious room with a picturesque mountain view. The concierge was extremely friendly.",Positive
Highly recommend this hotel. Fast and responsive room service and the amenities were excellent.,Positive
The hotel was fantastic. The room was clean and comfortable and the staff were extremely friendly.,Positive
We had a excellent stay at this hotel. The bed was super comfortable and breakfast was superb with lots of choices.,Positive
We had a superb stay at this hotel. The bed was cozy with fresh linens and breakfast was superb with lots of choices.,Positive
We had a wonderful stay at this hotel. The bed was very comfortable and breakfast was exceptional.,Positive
Truly an great property. Will definitely return whenever we visit the city.,Positive
"Clean, spacious room with a breathtaking skyline view. The concierge was incredibly helpful.",Positive
Highly recommend this hotel. Quick check-in process and the amenities were wonderful.,Positive
The hotel was top-notch. The room was fresh and inviting and the staff were cheerful and welcoming.,Positive
The hotel was superb. The room was clean and comfortable and the staff were warm and helpful.,Positive
Terrible customer service. Our room was filthy with stained sheets and AC was broken.,Negative
"Great value for money. spotless and well-designed rooms, superb with lots of choices dining, and close to all transit access to downtown.",Positive
We had a wonderful stay at this hotel. The bed was super comfortable and breakfast was delicious and fresh.,Positive
We had a dreadful experience. The bed was sagging in the middle and breakfast was tasteless and overpriced.,Negative
"Clean, spacious room with a stunning city view. The concierge was attentive and polite.",Positive
Everything was wonderful! The rooftop lounge was gorgeous and the location was central and convenient.,Positive
Highly recommend this hotel. Flawless housekeeping and the amenities were excellent.,Positive
"Great value for money. very spacious rooms, generous and flavorful dining, and ideal for sightseeing access to downtown.",Positive
Dirty bathroom and very noisy room. The front desk was completely argumentative.,Negative
Highly recommend this hotel. Fast and responsive room service and the amenities were pleasant.,Positive
The room smelled like smoke and the hallway was poorly maintained. Horrible sleep quality.,Negative
The room was spotless and well-designed and spotlessly clean. Staff went out of their way to be incredibly helpful.,Positive
outstanding customer service throughout our trip. The pool area was The lobby was beautiful.,Positive
A wonderful experience from check-in to check-out. The staff were attentive and polite and accommodating.,Positive
"Clean, spacious room with a stunning city view. The concierge was extremely friendly.",Positive
The hotel was excellent. The room was fresh and inviting and the staff were warm and helpful.,Positive
Very bad value for the high price. Rude receptionist and greasy and unappetizing food.,Negative
"Great value for money. clean and comfortable rooms, exceptional dining, and close to all transit access to downtown.",Positive
Very loud at night with paper-thin walls. The bed was hard like a rock and springs were poking through.,Negative
The room was cozy and quiet and spotlessly clean. Staff went out of their way to be attentive and polite.,Positive
Everything was excellent! The pool was heated and clean and the location was quiet yet accessible.,Positive
Disappointing stay. Water pressure in the shower was non-existent and the area was far from everything.,Negative
Avoid this hotel if possible. Luggage service was non-existent and management did not care about our complaints.,Negative
Very loud at night with paper-thin walls. The bed was hard like a rock and springs were poking through.,Negative
"Great value for money. fresh and inviting rooms, generous and flavorful dining, and close to all transit access to downtown.",Positive
We had a great stay at this hotel. The bed was cozy with fresh linens and breakfast was tasty and high quality.,Positive
Disappointing stay. Air conditioning was noisy and leaked and the area was surrounded by heavy construction noise.,Negative
The hotel was fantastic. The room was modern and immaculate and the staff were attentive and polite.,Positive
A wonderful experience from check-in to check-out. The staff were attentive and polite and accommodating.,Positive
Truly an excellent property. Will definitely return whenever we visit the city.,Positive
"Clean, spacious room with a peaceful ocean view. The concierge was professional and courteous.",Positive
Highly recommend this hotel. Fast and responsive room service and the amenities were fantastic.,Positive
Truly an excellent property. Will definitely return whenever we visit the city.,Positive
Would not recommend this place. No one answered the front desk phone and everything felt poor.,Negative
A wonderful experience from check-in to check-out. The staff were attentive and polite and accommodating.,Positive
"Clean, spacious room with a picturesque mountain view. The concierge was professional and courteous.",Positive
The hotel was superb. The room was clean and comfortable and the staff were incredibly helpful.,Positive
A wonderful experience from check-in to check-out. The staff were professional and courteous and accommodating.,Positive
The room was modern and immaculate and spotlessly clean. Staff went out of their way to be professional and courteous.,Positive
The hotel was top-notch. The room was modern and immaculate and the staff were extremely friendly.,Positive
"Great value for money. cozy and quiet rooms, exceptional dining, and perfect for exploring access to downtown.",Positive
We had a fantastic stay at this hotel. The bed was cozy with fresh linens and breakfast was generous and flavorful.,Positive
Disappointing stay. Elevator was out of order all weekend and the area was far from everything.,Negative
Truly an wonderful property. Will definitely return whenever we visit the city.,Positive
We had a fantastic stay at this hotel. The bed was very comfortable and breakfast was superb with lots of choices.,Positive
A wonderful experience from check-in to check-out. The staff were cheerful and welcoming and accommodating.,Positive
top-notch customer service throughout our trip. The pool area was The lobby was beautiful.,Positive
Truly an great property. Will definitely return whenever we visit the city.,Positive
Terrible customer service. Our room was dirty and cramped and AC was broken.,Negative
Would not recommend this place. No one answered the front desk phone and everything felt horrible.,Negative
"Clean, spacious room with a picturesque mountain view. The concierge was attentive and polite.",Positive
Dirty bathroom and very noisy room. The front desk was completely incompetent.,Negative
"Clean, spacious room with a stunning city view. The concierge was incredibly helpful.",Positive
"Clean, spacious room with a panoramic park view. The concierge was professional and courteous.",Positive
outstanding customer service throughout our trip. The pool area was The rooftop lounge was gorgeous.,Positive
Everything was excellent! The rooftop lounge was gorgeous and the location was perfect for exploring.,Positive
Truly an fantastic property. Will definitely return whenever we visit the city.,Positive
Everything was outstanding! The fitness center was modern and the location was ideal for sightseeing.,Positive
Dirty bathroom and very noisy room. The front desk was completely dismissive and indifferent.,Negative
"Great value for money. clean and comfortable rooms, tasty and high quality dining, and close to all transit access to downtown.",Positive
The room was fresh and inviting and spotlessly clean. Staff went out of their way to be cheerful and welcoming.,Positive
amazing customer service throughout our trip. The pool area was The pool was heated and clean.,Positive
Would not recommend this place. Check-in took over an hour and everything felt unacceptable.,Negative
The room was clean and comfortable and spotlessly clean. Staff went out of their way to be extremely friendly.,Positive
amazing customer service throughout our trip. The pool area was The rooftop lounge was gorgeous.,Positive
A wonderful experience from check-in to check-out. The staff were cheerful and welcoming and accommodating.,Positive
A wonderful experience from check-in to check-out. The staff were extremely friendly and accommodating.,Positive
Highly recommend this hotel. Fast and responsive room service and the amenities were superb.,Positive
"Great value for money. spotless and well-designed rooms, delicious and fresh dining, and close to all transit access to downtown.",Positive
We had a amazing stay at this hotel. The bed was wonderfully plush and breakfast was exceptional.,Positive
"Clean, spacious room with a stunning city view. The concierge was professional and courteous.",Positive
A wonderful experience from check-in to check-out. The staff were attentive and polite and accommodating.,Positive
delightful customer service throughout our trip. The pool area was The pool was heated and clean.,Positive
Would not recommend this place. Luggage service was non-existent and everything felt overpriced.,Negative
The room was clean and comfortable and spotlessly clean. Staff went out of their way to be extremely friendly.,Positive
"Great value for money. clean and comfortable rooms, tasty and high quality dining, and perfect for exploring access to downtown.",Positive
We had a amazing stay at this hotel. The bed was very comfortable and breakfast was delicious and fresh.,Positive
"Clean, spacious room with a panoramic park view. The concierge was incredibly helpful.",Positive
We had a marvelous stay at this hotel. The bed was luxurious and soft and breakfast was delicious and fresh.,Positive
We had a dreadful experience. The bed was broken and squeaky and breakfast was tasteless and overpriced.,Negative
Avoid this hotel if possible. Check-in took over an hour and management did not care about our complaints.,Negative
The hotel was awful. The room was stuffy with a foul odor and the staff were argumentative.,Negative
Highly recommend this hotel. Quick check-in process and the amenities were delightful.,Positive
Very bad value for the high price. Rude receptionist and greasy and unappetizing food.,Negative
The room was clean and comfortable and spotlessly clean. Staff went out of their way to be professional and courteous.,Positive
A wonderful experience from check-in to check-out. The staff were cheerful and welcoming and accommodating.,Positive
We had a unacceptable experience. The bed was broken and squeaky and breakfast was barely edible with no variety.,Negative
We had a marvelous stay at this hotel. The bed was super comfortable and breakfast was delicious and fresh.,Positive
Everything was outstanding! The pool was heated and clean and the location was perfect for exploring.,Positive
The hotel was horrible. The room was dark and rundown and the staff were incompetent.,Negative
Very bad value for the high price. Rude receptionist and cold and stale food.,Negative
"Great value for money. modern and immaculate rooms, tasty and high quality dining, and close to all transit access to downtown.",Positive
Dirty bathroom and very noisy room. The front desk was completely argumentative.,Negative
We had a great stay at this hotel. The bed was super comfortable and breakfast was tasty and high quality.,Positive
Very loud at night with paper-thin walls. The bed was broken and squeaky and springs were poking through.,Negative
"Great value for money. very spacious rooms, tasty and high quality dining, and perfect for exploring access to downtown.",Positive
A wonderful experience from check-in to check-out. The staff were warm and helpful and accommodating.,Positive
"Great value for money. clean and comfortable rooms, delicious and fresh dining, and close to all transit access to downtown.",Positive
We had a excellent stay at this hotel. The bed was wonderfully plush and breakfast was delicious and fresh.,Positive
great customer service throughout our trip. The pool area was The lobby was beautiful.,Positive
"Great value for money. clean and comfortable rooms, generous and flavorful dining, and central and convenient access to downtown.",Positive
The room was spotless and well-designed and spotlessly clean. Staff went out of their way to be incredibly helpful.,Positive
Everything was marvelous! The pool was heated and clean and the location was perfect for exploring.,Positive
"Clean, spacious room with a panoramic park view. The concierge was warm and helpful.",Positive
The room smelled like smoke and the hallway was dark and rundown. Horrible sleep quality.,Negative
"Great value for money. spotless and well-designed rooms, tasty and high quality dining, and perfect for exploring access to downtown.",Positive
The room was very spacious and spotlessly clean. Staff went out of their way to be incredibly helpful.,Positive
Would not recommend this place. Check-in took over an hour and everything felt horrible.,Negative
Terrible customer service. Our room was dirty and cramped and AC was broken.,Negative
outstanding customer service throughout our trip. The pool area was The lobby was beautiful.,Positive
We had a excellent stay at this hotel. The bed was cozy with fresh linens and breakfast was generous and flavorful.,Positive
We had a marvelous stay at this hotel. The bed was very comfortable and breakfast was delicious and fresh.,Positive
Very loud at night with paper-thin walls. The bed was broken and squeaky and springs were poking through.,Negative
outstanding customer service throughout our trip. The pool area was The rooftop lounge was gorgeous.,Positive
"Clean, spacious room with a picturesque mountain view. The concierge was cheerful and welcoming.",Positive
"Clean, spacious room with a peaceful ocean view. The concierge was extremely friendly.",Positive
The room was modern and immaculate and spotlessly clean. Staff went out of their way to be incredibly helpful.,Positive
